Episode,Episode reward,Running reward,Total actions,Exploration actions,Exploitation actions,Greed rate
1,-120,-120.0,58,58,0,1.0
2,-450,-285.0,204,146,0,1.0
3,-235,-268.3333333333333,267,63,0,1.0
4,-235,-260.0,363,96,0,1.0
5,-295,-267.0,462,99,0,1.0
6,-530,-310.8333333333333,653,191,0,1.0
7,-95,-280.0,686,33,0,1.0
8,-110,-258.75,765,79,0,1.0
9,-465,-281.6666666666667,908,143,0,1.0
10,-175,-271.0,971,63,0,1.0
11,-105,-255.9090909090909,1010,39,0,1.0
12,-595,-284.1666666666667,1223,213,0,1.0
13,-240,-280.7692307692308,1312,89,0,1.0
14,-360,-286.42857142857144,1417,105,0,1.0
15,-560,-304.6666666666667,1638,221,0,1.0
16,-110,-292.5,1680,42,0,1.0
17,-150,-284.11764705882354,1740,60,0,1.0
18,-380,-289.44444444444446,1886,146,0,1.0
19,-90,-278.94736842105266,1924,38,0,1.0
20,-445,-287.25,2080,156,0,1.0
21,-540,-299.2857142857143,2273,193,0,1.0
22,-85,-289.54545454545456,2318,45,0,1.0
23,-260,-288.2608695652174,2403,85,0,1.0
24,-110,-280.8333333333333,2444,41,0,1.0
25,-395,-285.4,2590,146,0,1.0
26,-555,-295.7692307692308,2778,188,0,1.0
27,-525,-304.25925925925924,2994,216,0,1.0
28,-300,-304.10714285714283,3088,94,0,1.0
29,-300,-303.9655172413793,3185,97,0,1.0
30,-555,-312.3333333333333,3385,200,0,1.0
31,-110,-305.80645161290323,3423,38,0,1.0
32,-150,-300.9375,3471,48,0,1.0
33,-135,-295.90909090909093,3526,55,0,1.0
34,-115,-290.5882352941176,3582,56,0,1.0
35,-120,-285.7142857142857,3627,45,0,1.0
36,-530,-292.5,3802,175,0,1.0
37,-270,-291.8918918918919,3915,113,0,1.0
38,-125,-287.5,3955,40,0,1.0
39,-135,-283.5897435897436,3998,43,0,1.0
40,-85,-278.625,4045,47,0,1.0
41,-150,-275.4878048780488,4102,57,0,1.0
42,-530,-281.54761904761904,4268,166,0,1.0
43,-420,-284.7674418604651,4434,166,0,1.0
44,-340,-286.02272727272725,4532,98,0,1.0
45,-390,-288.3333333333333,4639,107,0,1.0
46,-130,-284.89130434782606,4685,46,0,1.0
47,-530,-290.1063829787234,4890,205,0,1.0
48,-330,-290.9375,4985,95,0,1.0
49,70,-283.57142857142856,5182,129,68,0.6513637547659745
50,200,-273.9,5369,102,85,0.6458775937413701
51,60,-267.3529411764706,5560,120,71,0.6404460209310393
52,190,-258.5576923076923,5775,120,95,0.6350684931731749
53,125,-251.32075471698113,6003,139,89,0.6297444727105197
54,270,-241.66666666666666,6183,110,70,0.6244734271365907
55,95,-235.54545454545453,6389,124,82,0.619254829342438
56,25,-230.89285714285714,6580,119,72,0.6140881574639334
57,210,-223.1578947368421,6791,132,79,0.6089728948295834
58,20,-218.9655172413793,6995,125,79,0.6039085299088618
59,390,-208.64406779661016,7184,101,88,0.5988945562610564
60,-35,-205.75,7436,160,92,0.5939304724846237
61,150,-199.91803278688525,7619,107,76,0.5890157821670499
62,45,-195.96774193548387,7788,100,69,0.584149993835207
63,125,-190.87301587301587,7978,109,81,0.5793326209062075
64,275,-183.59375,8145,92,75,0.5745631816387438
65,305,-176.07692307692307,8343,111,87,0.5698411990849145
66,155,-171.06060606060606,8714,218,153,0.5651662010425292
67,235,-165.0,8928,125,89,0.5605377200078883
68,230,-159.19117647058823,9124,116,80,0.5559552931290306
69,165,-154.4927536231884,9372,135,113,0.5514184621594499
70,420,-146.28571428571428,9680,152,156,0.5469267734122686
71,325,-139.64788732394365,10034,192,162,0.5424797777148687
72,385,-132.36111111111111,10362,170,158,0.5380770303639745
73,455,-124.31506849315069,10689,166,161,0.5337180910811822
74,65,-121.75675675675676,10858,88,81,0.529402523968931
75,280,-116.4,11204,186,160,0.5251298974669132
76,325,-110.59210526315789,11433,121,108,0.5208997843089184
77,200,-106.55844155844156,11597,91,73,0.5167117614801052
78,320,-101.08974358974359,11823,122,104,0.5125654101747011
79,380,-95.0,12008,91,94,0.5084603157541202
80,320,-89.8125,12253,117,128,0.5043960677054994
81,325,-84.69135802469135,12496,121,122,0.500372259600647
82,390,-78.90243902439025,12825,146,183,0.49638848905539934
83,320,-74.09638554216868,13076,127,124,0.492444357689382
84,480,-67.5,13421,163,182,0.4885394710861718
85,435,-61.588235294117645,13763,162,180,0.48467343875385405
86,390,-56.33720930232558,14054,123,168,0.4808458740859739
87,585,-48.96551724137931,14395,164,177,0.47705639432287517
88,365,-44.26136363636363,14588,99,94,0.47330462051342326
89,360,-39.71910112359551,14777,87,102,0.46959017747711096
90,355,-35.333333333333336,15113,164,172,0.4659126937665392
91,415,-30.384615384615383,15412,128,171,0.46227180163027237
92,440,-25.27173913043478,15632,84,136,0.45866713697606276
93,555,-19.032258064516128,15946,134,180,0.455098339334441
94,350,-15.106382978723405,16171,104,121,0.45156505182266904
95,440,-10.31578947368421,16346,74,101,0.4480669211090511
96,380,-6.25,16580,103,131,0.4446035973776009
97,475,-1.288659793814433,16855,112,163,0.441174734293059
98,495,3.7755102040816326,17144,123,166,0.4377799889662596
99,740,11.212121212121213,17462,134,184,0.43441902191984116
100,2160,32.7,19047,0,1585,0.43441902191984116
101,375,36.08910891089109,19243,92,104,0.427797081614371
102,500,40.63725490196079,19554,122,189,0.42453544615577044
103,680,46.84466019417476,19846,121,171,0.42130626451223263
104,580,51.97115384615385,20182,153,183,0.4181092137629021
105,540,56.61904761904762,20429,93,154,0.4149439742000398
106,535,61.132075471698116,20715,122,164,0.4118102292970517
107,545,65.65420560747664,21043,150,178,0.40870766567683603
108,455,69.25925925925925,21343,118,182,0.4056359730804452
109,400,72.29357798165138,21641,129,169,0.4025948443360601
110,345,74.77272727272727,21813,64,108,0.3995839753282716
111,550,79.05405405405405,22116,104,199,0.39660306496767017
112,440,82.27678571428571,22405,118,171,0.39365181516073555
113,540,86.32743362831859,22696,106,185,0.3907299307800276
114,570,90.5701754385965,23009,119,194,0.3878371196346735
115,500,94.1304347826087,23214,83,122,0.38497309244114786
116,665,99.05172413793103,23480,97,169,0.38213756279434485
117,745,104.57264957264957,23779,113,186,0.3793302471389366
118,555,108.38983050847457,24057,97,181,0.3765508647410182
119,790,114.11764705882354,24370,109,204,0.3737991376600337
120,565,117.875,24541,69,102,0.37107479072098193
121,670,122.43801652892562,24848,114,193,0.36837755148689866
122,650,126.76229508196721,25163,118,197,0.3657071502316128
123,725,131.6260162601626,25473,112,198,0.3630633199127735
124,615,135.5241935483871,25744,86,185,0.3604457961451456
125,520,138.6,26025,100,181,0.35785431717417104
126,655,142.6984126984127,26340,121,194,0.3552886238497933
127,910,148.74015748031496,26665,121,204,0.3527484596005418
128,790,153.75,26950,85,200,0.35023357040787473
129,520,156.5891472868217,27232,111,171,0.3477437047807771
130,645,160.34615384615384,27533,107,194,0.3452786137306113
131,500,162.93893129770993,27826,118,175,0.34283805074621815
132,690,166.9318181818182,28104,86,192,0.3404217717692653
133,775,171.50375939849624,28382,86,192,0.3380295351698416
134,565,174.4402985074627,28658,92,184,0.3356611017222934
135,580,177.44444444444446,28963,114,191,0.33331623458130233
136,790,181.9485294117647,29229,81,185,0.3309946992582003
137,880,187.04379562043795,29524,101,194,0.32869626359752024
138,470,189.09420289855072,29805,103,178,0.3264206977537808
139,650,192.41007194244605,30089,96,188,0.32416777416850134
140,620,195.46428571428572,30389,122,178,0.3219372675474458
141,615,198.43971631205673,30676,96,191,0.3197289548380934
142,590,201.19718309859155,30947,85,186,0.31754261520733285
143,730,204.8951048951049,31221,80,194,0.31537803001937914
144,725,208.50694444444446,31490,82,187,0.3132349828139096
145,630,211.41379310344828,31786,88,208,0.3111132592844179
146,915,216.23287671232876,32075,81,208,0.30901264725678296
147,730,219.7278911564626,32373,79,219,0.30693293666805144
148,860,224.05405405405406,32616,59,184,0.30487391954543147
149,770,227.71812080536913,32903,88,199,0.30283538998549486
150,830,231.73333333333332,33182,89,190,0.30081714413358684
151,610,234.23841059602648,33478,90,206,0.2988189801634404
152,685,237.20394736842104,33783,95,210,0.2968406982569933
153,830,241.07843137254903,34083,85,215,0.29488210058440634
154,635,243.63636363636363,34373,87,203,0.29294299128428014
155,935,248.09677419354838,34625,58,194,0.2910231764440687
156,505,249.74358974358975,34887,75,187,0.28912246408068826
157,575,251.81528662420382,35148,64,197,0.28724066412131843
158,590,253.95569620253164,35424,79,197,0.2853775883843951
159,830,257.57861635220127,35678,67,187,0.2835330505607921
160,610,259.78125,35979,88,213,0.28170686619518986
161,700,262.51552795031057,36233,72,182,0.27989885266763004
162,500,263.98148148148147,36499,79,187,0.2781088291752532
163,960,268.2515337423313,36765,56,210,0.2763366167142184
164,930,272.2865853658537,37034,69,200,0.2745820380618027
165,705,274.90909090909093,37297,70,193,0.2728449177586787
166,750,277.7710843373494,37558,66,195,0.27112508209136843
167,675,280.1497005988024,37823,82,183,0.2694223590748721
168,590,281.9940476190476,38080,66,191,0.267736578435469
169,600,283.8757396449704,38335,76,179,0.2660675715936903
170,810,286.97058823529414,38591,60,196,0.2644151716474612
171,630,288.9766081871345,38859,80,188,0.2627792133554099
172,930,292.70348837209303,39144,66,219,0.2611595331203439
173,915,296.3005780346821,39465,75,246,0.25955596897289
174,570,297.8735632183908,39712,66,181,0.25796836055529715
175,770,300.57142857142856,39982,69,201,0.25639654910540066
176,660,302.6136363636364,40255,62,211,0.2548403774407455
177,610,304.3502824858757,40519,68,196,0.2532996899428685
178,670,306.40449438202245,40816,67,230,0.251774332541736
179,635,308.24022346368713,41099,78,205,0.25026415270033664
180,780,310.8611111111111,41383,77,207,0.2487689993994279
181,935,314.30939226519337,41649,64,202,0.24728872312243366
182,635,316.07142857142856,41897,55,193,0.24582317584049268
183,740,318.3879781420765,42162,62,203,0.24437221099765546
184,825,321.14130434782606,42444,64,218,0.24293568349622863
185,815,323.81081081081084,42699,55,200,0.24151344968226485
186,715,325.9139784946237,42940,54,187,0.24010536733119758
187,925,329.11764705882354,43209,60,209,0.23871129563361826
188,665,330.90425531914894,43469,54,206,0.2373310951811955
189,555,332.0899470899471,43722,66,187,0.23596462795273376
190,800,334.55263157894734,43979,47,210,0.23461175730037154
191,665,336.282722513089,44232,61,192,0.2332723479359162
192,710,338.2291666666667,44493,62,199,0.23194626591731515
193,635,339.76683937823833,44766,62,211,0.23063337863526137
194,870,342.5,45044,56,222,0.22933355479993264
195,715,344.4102564102564,45315,66,205,0.22804666442786223
196,705,346.25,45550,42,193,0.2267725788289405
197,800,348.5532994923858,45837,84,203,0.22551117059354586
198,1010,351.8939393939394,46120,70,213,0.22426231357980353
199,750,353.89447236180905,46391,70,201,0.22302588290097147
200,2460,364.425,47836,0,1445,0.22302588290097147
201,870,366.94029850746267,48121,70,215,0.22058980720192445
202,1055,370.34653465346537,48406,59,226,0.21938991857210954
203,785,372.38916256157637,48674,59,209,0.21820196903364375
204,810,374.5343137254902,48920,48,198,0.21702583979058332
205,660,375.9268292682927,49191,66,205,0.2158614132290238
206,800,377.9854368932039,49446,52,203,0.21470857290533868
207,975,380.8695652173913,49693,50,197,0.2135672035345349
208,870,383.22115384615387,49948,57,198,0.21243719097872418
209,700,384.7368421052632,50212,63,201,0.21131842223570935
210,770,386.57142857142856,50464,49,203,0.21021078542768373
211,740,388.2464454976303,50714,51,199,0.20911416979004352
212,825,390.3066037735849,50973,49,210,0.20802846566031108
213,800,392.2300469483568,51222,45,204,0.2069535644671687
214,835,394.29906542056074,51471,54,195,0.2058893587196013
215,915,396.72093023255815,51772,63,238,0.2048357419961473
216,920,399.14351851851853,52027,49,206,0.20379260893425627
217,620,400.16129032258067,52281,50,204,0.20275985521975287
218,755,401.7889908256881,52528,45,202,0.20173737757640486
219,835,403.7671232876712,52779,61,190,0.200725073755596
220,745,405.3181818181818,53025,46,200,0.1997228425261005
221,620,406.289592760181,53266,53,188,0.1987305836639603
222,580,407.07207207207205,53510,58,186,0.19774819794246218
223,860,409.1031390134529,53769,52,207,0.19677558712221546
224,820,410.9375,54009,38,202,0.19581265394132752
225,1580,416.1333333333333,54648,111,528,0.19485930210567792
226,900,418.27433628318585,54936,53,235,0.1939154362792885
227,720,419.6035242290749,55198,59,203,0.19298096207479018
228,760,421.0964912280702,55455,43,214,0.1920557860439837
229,710,422.3580786026201,55711,55,201,0.19113981566849508
230,935,424.5869565217391,55991,61,219,0.19023295935052334
231,765,426.06060606060606,56238,49,198,0.1893351264036811
232,645,427.00431034482756,56483,45,200,0.18844622704392539
233,670,428.0472103004292,56747,46,218,0.1875661723805795
234,745,429.4017094017094,56988,34,207,0.18669487440744376
235,585,430.06382978723406,57234,50,196,0.18583224599399467
236,895,432.03389830508473,57492,44,214,0.1849782008766721
237,755,433.3966244725738,57731,48,191,0.1841326536502526
238,740,434.6848739495798,57982,51,200,0.18329551975930897
239,640,435.5439330543933,58231,55,194,0.18246671548975435
240,895,437.4583333333333,58479,46,202,0.1816461579604713
241,680,438.46473029045643,58718,44,195,0.18083376511502286
242,735,439.6900826446281,58964,41,205,0.18002945571344772
243,625,440.4526748971193,59209,41,204,0.1792331493241353
244,900,442.3360655737705,59450,39,202,0.17844476631578318
245,840,443.9591836734694,59686,36,200,0.17766422784943345
246,810,445.4471544715447,59934,44,204,0.17689145587058913
247,795,446.86234817813767,60175,43,198,0.17612637310140822
248,970,448.9717741935484,60435,48,212,0.17536890303297636
249,935,450.9236947791165,60680,36,209,0.1746189699176554
250,1700,455.92,61680,167,833,0.17387649876150893
251,980,458.00796812749,61997,49,268,0.1731414153168025
252,920,459.8412698412698,62256,44,215,0.1724136460745792
253,845,461.3636363636364,62518,46,216,0.1716931182573082
254,745,462.4803149606299,62792,53,221,0.17097975981160746
255,1455,466.37254901960785,63745,160,793,0.1702734994010378
256,815,467.734375,64007,47,215,0.16957426639896978
257,925,469.5136186770428,64241,33,201,0.16888199088152037
258,780,470.7170542635659,64483,44,198,0.16819660362056094
259,1925,476.33204633204633,65449,156,810,0.16751803607679427
260,785,477.5192307692308,65708,41,218,0.16684622039290048
261,1900,482.96934865900386,66682,166,808,0.1661810893867514
262,815,484.23664122137404,66921,42,197,0.16552257654469205
263,835,485.5703422053232,67155,33,201,0.1648706160148895
264,980,487.4431818181818,67409,44,210,0.16422514260074744
265,965,489.24528301886795,67651,28,214,0.16358609175438665
266,890,490.7518796992481,67891,42,198,0.16295339957018984
267,820,491.98501872659176,68134,47,196,0.1623270027784114
268,865,493.3768656716418,68361,33,194,0.1617068387388501
269,1040,495.4089219330855,68648,53,234,0.1610928454345853
270,875,496.81481481481484,68922,58,216,0.1604849614657748
271,915,498.3579335793358,69166,37,207,0.15988312604351518
272,820,499.5404411764706,69407,43,198,0.15928727898376266
273,900,501.007326007326,69660,34,219,0.1586973607013148
274,940,502.6094890510949,69918,35,223,0.15811331220385164
275,2255,508.9818181818182,71165,204,1043,0.1575350750860368
276,755,509.8731884057971,71416,43,208,0.15696259152367664
277,850,511.101083032491,71655,38,201,0.15639580426793784
278,955,512.6978417266187,71905,36,214,0.15583465663962248
279,760,513.584229390681,72147,43,199,0.1552790925235001
280,1025,515.4107142857143,72398,31,220,0.15472905636269615
281,820,516.4946619217081,72640,40,202,0.1541844931531362
282,850,517.677304964539,72891,40,211,0.15364534843804545
283,1575,521.4134275618375,73818,125,802,0.15311156830250305
284,965,522.9753521126761,74101,39,244,0.15258309936805076
285,775,523.859649122807,74342,30,211,0.1520598887873546
286,860,525.034965034965,74598,40,216,0.15154188423892062
287,955,526.5331010452961,74849,42,209,0.15102903392186223
288,970,528.0729166666666,75099,38,212,0.15052128655072036
289,1005,529.7231833910034,75337,26,212,0.15001859135033477
290,975,531.2586206896551,75575,31,207,0.14952089805076652
291,1500,534.5876288659794,76044,64,405,0.1490281568822709
292,820,535.5650684931506,76288,50,194,0.1485403185703204
293,920,536.877133105802,76533,28,217,0.1480573343306774
294,1010,538.4863945578231,76776,33,210,0.14757915586451534
295,885,539.6610169491526,77009,27,206,0.14710573535358915
296,770,540.4391891891892,77251,36,206,0.14663702545545326
297,980,541.9191919191919,77477,28,198,0.1461729792987272
298,960,543.3221476510067,77731,36,218,0.14571355047840867
299,845,544.3311036789298,77982,32,219,0.14525869305123268
300,2720,551.5833333333334,79349,0,1367,0.14525869305123268
301,1085,553.3554817275748,79596,33,214,0.14436251088441593
302,900,554.5033112582781,79834,32,206,0.14392109652581167
303,810,555.3465346534654,80093,43,216,0.143484074313461
304,895,556.4638157894736,80350,45,212,0.14305140054477855
305,845,557.4098360655738,80593,40,203,0.14262303195202683
306,750,558.0392156862745,80830,44,193,0.14219892569798964
307,935,559.2671009771987,81070,34,206,0.14177903937168812
308,980,560.6331168831168,81328,38,220,0.14136333098413978
309,990,562.0226537216829,81571,36,207,0.14095175896415943
310,930,563.2096774193549,81828,24,233,0.14054428215420203
311,915,564.3408360128617,82072,33,211,0.14014085980624708
312,935,565.5288461538462,82317,37,208,0.13974145157772358
313,1015,566.964856230032,82628,41,270,0.13934601752747586
314,1035,568.4554140127389,82895,30,237,0.13895451811176932
315,1230,570.5555555555555,83315,50,370,0.13856691418033618
316,935,571.7088607594936,83554,36,203,0.13818316697246025
317,745,572.2555205047319,83803,32,217,0.137803238113101
318,900,573.2861635220125,84033,26,204,0.13742708960905586
319,1005,574.6394984326018,84291,31,227,0.13705468384516098
320,895,575.640625,84526,31,204,0.13668598358052958
321,1050,577.1183800623053,84779,24,229,0.13632095194482804
322,790,577.77950310559,85012,31,202,0.13595955243458852
323,855,578.6377708978329,85246,33,201,0.13560174890955887
324,965,579.8302469135803,85478,32,200,0.13524750558908838
325,955,580.9846153846154,85706,29,199,0.13489678704854982
326,920,582.0245398773006,85950,32,212,0.13454955821579684
327,1715,585.4892966360857,86884,135,799,0.1342057843676569
328,975,586.6768292682926,87140,30,226,0.1338654311264586
329,1765,590.258358662614,88099,125,834,0.13352846445659422
330,780,590.8333333333334,88332,27,206,0.133194850661116
331,920,591.8277945619335,88566,34,200,0.13286455637836636
332,895,592.7409638554217,88826,34,226,0.13253754857864178
333,885,593.6186186186186,89061,25,210,0.13221379456088977
334,910,594.565868263473,89291,27,203,0.1318932619494388
335,765,595.0746268656717,89541,44,206,0.13157591869076052
336,960,596.1607142857143,89780,36,203,0.13126173305026473
337,1000,597.3590504451039,90053,39,234,0.13095067360912543
338,1280,599.3786982248521,90591,69,469,0.1306427092611394
339,1235,601.2536873156342,91035,63,381,0.13033780920961516
340,845,601.9705882352941,91272,27,210,0.13003594296429347
341,690,602.2287390029326,91507,41,194,0.12973708033829826
342,1620,605.2046783625731,92136,81,548,0.12944119144511784
343,870,605.9766763848396,92377,23,218,0.12914824669561634
344,2155,610.4796511627907,93628,138,1113,0.1288582167950747
345,830,611.1159420289855,93875,31,216,0.12857107274026114
346,1855,614.7109826589596,94775,117,783,0.12828678581653094
347,715,615.0,95017,39,203,0.12800532759495478
348,675,615.1724137931035,95250,37,196,0.12772666992947598
349,1780,618.5100286532951,96158,119,789,0.12745078495409573
350,2035,622.5571428571428,97320,134,1028,0.12717764508008667
351,1900,626.1965811965812,98236,120,796,0.12690722299323368
352,665,626.3068181818181,98456,29,191,0.1266394916511028
353,715,626.5580736543909,98704,30,218,0.12637442428033668
354,920,627.3870056497175,98956,37,215,0.12611199437397735
355,780,627.8169014084507,99194,36,202,0.1258521756888155
356,885,628.5393258426966,99422,30,198,0.12559494224276607
357,915,629.3417366946778,99677,34,221,0.1253402683122701
358,775,629.7486033519554,99932,32,223,0.12508812842972233
359,820,630.2785515320335,100180,36,212,0.12483849738092437
360,765,630.6527777777778,100440,41,219,0.12459135020256332
361,805,631.1357340720222,100677,28,209,0.12434666217971538
362,1245,632.8314917127071,101220,68,475,0.12410440884337437
363,1595,635.4820936639119,101907,97,590,0.12386456596800477
364,1620,638.1868131868132,102437,64,466,0.12362710956911917
365,950,639.0410958904109,102690,30,223,0.12339201590087982
366,620,638.9890710382514,102932,36,206,0.12315926145372395
367,740,639.2643051771117,103169,31,206,0.12292882295201292
368,890,639.945652173913,103405,31,205,0.12270067735170449
369,1175,641.3956639566395,103686,28,253,0.12247480183804854
370,760,641.7162162162163,103920,29,205,0.12225117382330546
371,755,642.021563342318,104146,31,195,0.12202977094448741
372,880,642.6612903225806,104389,33,210,0.121810571061122
373,1670,645.4155495978553,105042,84,569,0.12159355225303826
374,810,645.855614973262,105282,25,215,0.12137869281817451
375,1120,647.12,105553,36,235,0.12116597127040821
376,950,647.9255319148937,105775,28,194,0.1209553663374073
377,930,648.6737400530504,106001,26,200,0.12074685695850301
378,790,649.047619047619,106230,20,209,0.12054042228258369
379,935,649.802110817942,106474,24,220,0.12033604166600968
380,845,650.3157894736842,106697,21,202,0.12013369467054905
381,940,651.0761154855643,106940,33,210,0.1199333610613336
382,725,651.2696335078534,107169,27,202,0.11973502080483546
383,825,651.7232375979112,107406,28,209,0.11953865406686372
384,785,652.0703125,107662,38,218,0.11934424121058093
385,770,652.3766233766233,107913,37,214,0.11915176279453946
386,1060,653.4326424870467,108157,23,221,0.1189611995707373
387,900,654.0697674418604,108387,16,214,0.11877253248269325
388,960,654.8582474226804,108636,30,219,0.11858574266354131
389,870,655.4113110539846,108872,31,205,0.1184008114341439
390,1020,656.3461538461538,109147,28,247,0.11821772030122396
391,1685,658.9769820971867,110039,105,787,0.11803645095551563
392,825,659.4005102040817,110271,36,196,0.11785698526993327
393,795,659.7455470737914,110510,34,205,0.11767930529775877
394,835,660.1903553299493,110762,40,212,0.11750339327084686
395,790,660.5189873417721,110985,20,203,0.11732923159784824
396,865,661.0353535353536,111217,30,202,0.11715680286245048
397,1690,663.6272040302267,112099,95,787,0.11698608982163634
398,790,663.9447236180905,112332,28,205,0.1168170754039595
399,875,664.4736842105264,112588,32,224,0.11664974270783732
400,1740,667.1625,113737,0,1149,0.11664974270783732
401,960,667.8927680798005,113985,27,221,0.11632005571312097
402,820,668.2711442786069,114217,24,208,0.11615766844555257
403,940,668.9454094292804,114460,33,210,0.1159968969582935
404,855,669.4059405940594,114709,37,212,0.11583772517406106
405,905,669.9876543209876,114968,36,223,0.11568013717554416
406,855,670.4433497536946,115208,25,215,0.11552411720381164
407,1005,671.2653562653562,115446,31,207,0.11536964965673632
408,1885,674.2401960784314,116348,109,793,0.11521671908743475
409,870,674.718826405868,116576,20,208,0.11506531020272258
410,2125,678.2560975609756,118254,202,1476,0.11491540786158513
411,1005,679.051094890511,118516,28,234,0.11476699707366339
412,1045,679.9393203883495,118757,31,210,0.11462006299775489
413,3455,686.6585956416465,121224,273,2194,0.11447459094032959
414,810,686.9565217391304,121455,34,197,0.11433056635406054
415,815,687.2650602409639,121698,23,220,0.11418797483636904
416,820,687.5841346153846,121932,24,210,0.11404680212798456
417,830,687.925659472422,122182,27,223,0.11390703411151856
418,910,688.4569377990431,122425,33,210,0.11376865681005296
419,1715,690.9069212410501,123308,90,793,0.11363165638574228
420,985,691.6071428571429,123546,28,210,0.11349601913842994
421,975,692.2802850356295,123775,16,213,0.11336173150427815
422,935,692.8554502369668,124019,26,218,0.11322878005441162
423,815,693.144208037825,124251,28,204,0.11309715149357452
424,1020,693.9150943396227,124486,33,202,0.11296683265880111
425,935,694.4823529411765,124733,34,213,0.11283781051809934
426,935,695.0469483568075,124985,30,222,0.11271007216914757
427,780,695.2459016393443,125239,23,231,0.11258360483800448
428,975,695.8995327102804,125482,26,217,0.11245839587783156
429,1690,698.2167832167833,126381,111,788,0.11233443276762846
430,810,698.4767441860465,126630,31,218,0.11221170311098085
431,2250,702.07656612529,127894,128,1136,0.11209019463482078
432,755,702.199074074074,128126,32,200,0.1119698951881994
433,850,702.540415704388,128368,27,215,0.11185079274107178
434,1075,703.3986175115207,128813,54,391,0.11173287538309397
435,885,703.816091954023,129064,32,219,0.11161613132243188
436,885,704.2316513761468,129302,33,205,0.11150054888458219
437,930,704.7482837528604,129530,22,206,0.11138611651120478
438,1815,707.283105022831,130428,88,810,0.11127282275896695
439,3765,714.248291571754,132891,266,2197,0.11116065629839907
440,1015,714.9318181818181,133125,18,216,0.1110496059127616
441,2210,718.3219954648526,134685,171,1389,0.11093966049692344
442,635,718.1334841628959,135071,42,344,0.11083080905625141
443,935,718.6230248306998,135304,28,205,0.11072304070551069
444,970,719.1891891891892,135565,33,228,0.11061634466777641
445,1775,721.561797752809,136482,95,822,0.1105107102733559
446,970,722.1188340807175,136719,26,211,0.11040612695872169
447,1110,722.9865771812081,136959,31,209,0.11030258426545514
448,1770,725.3236607142857,137849,84,806,0.11020007183920065
449,1060,726.0690423162583,138080,26,205,0.11009857942863019
450,770,726.1666666666666,138308,26,202,0.10999809688441808
451,925,726.6075388026608,138546,24,214,0.1098986141582262
452,960,727.1238938053098,138787,33,208,0.109800121301699
453,975,727.6710816777043,139005,17,201,0.10970260846546878
454,1050,728.3810572687224,139244,22,217,0.10960606589817064
455,1010,729.0,139473,19,210,0.10951048394546739
456,930,729.4407894736842,139721,27,221,0.10941585304908412
457,935,729.8905908096281,139957,27,209,0.10932216374585232
458,940,730.349344978166,140189,30,202,0.10922940666676363
459,1085,731.1220043572985,140414,21,204,0.10913757253603279
460,1230,732.2065217391304,141593,135,1044,0.10904665217017022
461,1650,734.1973969631237,142762,133,1036,0.10895663647706358
462,770,734.2748917748918,143016,37,217,0.10886751645506854
463,755,734.3196544276458,143284,29,239,0.10877928319210861
464,1010,734.9137931034483,143505,20,201,0.108691927864784
465,590,734.6021505376344,143765,36,224,0.10860544173748916
466,820,734.7854077253219,144002,26,211,0.1085198161615393
467,820,734.9678800856531,144227,30,195,0.10843504257430546
468,945,735.4166666666666,144467,29,211,0.10835111249835827
469,975,735.9275053304904,144694,30,197,0.10826801754062021
470,990,736.468085106383,144919,20,205,0.10818574939152624
471,985,736.995753715499,145153,21,213,0.10810429982419291
472,980,737.5105932203389,145381,29,199,0.1080236606935956
473,970,738.0021141649048,145606,18,207,0.10794382393575405
474,960,738.4704641350211,145829,22,201,0.10786478156692597
475,1040,739.1052631578947,146046,16,201,0.10778652568280858
476,1090,739.84243697479,146283,24,213,0.10770904845774826
477,895,740.167714884696,146519,23,213,0.10763234214395793
478,805,740.3033472803347,146744,28,197,0.10755639907074233
479,940,740.7202505219207,146991,20,227,0.10748121164373081
480,875,741.0,147208,25,192,0.10740677234411804
481,925,741.3825363825364,147458,26,224,0.107333073727912
482,935,741.7842323651453,147701,28,215,0.10726010842518965
483,850,742.008281573499,147934,40,193,0.10718786913935996
484,975,742.4896694214876,148170,14,222,0.1071163486464341
485,1010,743.0412371134021,148396,15,211,0.1070455397943032
486,980,743.5288065843621,148643,25,222,0.10697543550202303
487,895,743.8398357289527,148886,24,219,0.10690602875910594
488,1025,744.4159836065573,149115,21,208,0.10683731262481981
489,1010,744.959100204499,149349,24,210,0.10676928022749395
490,805,745.0816326530612,149576,27,200,0.1067019247638319
491,1005,745.6109979633401,149816,33,207,0.10663523949823121
492,940,746.0060975609756,150042,22,204,0.10656921776210973
493,915,746.3488843813387,150300,37,221,0.10650385295323882
494,1500,747.8744939271255,151185,80,805,0.10643913853508313
495,1015,748.4141414141415,151408,25,198,0.10637506803614691
496,1025,748.9717741935484,151639,28,203,0.10631163504932689
497,995,749.466800804829,151873,20,214,0.1062488332312715
498,940,749.8493975903615,152102,29,200,0.10618665630174663
499,965,750.2805611222445,152321,18,201,0.10612509804300749
500,1115,751.01,152546,0,225,0.10612509804300749
501,1020,751.5469061876247,152780,16,218,0.10600381297562975
502,890,751.8227091633466,153010,18,212,0.10594407403838332
503,910,752.1371769383697,153224,22,192,0.10588492951349417
504,3575,757.7380952380952,155687,241,2222,0.10582637348646047
505,950,758.1188118811881,155909,19,203,0.10576840010163074
506,2185,760.9387351778656,157205,139,1157,0.10571100356161821
507,1120,761.6469428007889,157445,18,222,0.10565417812672101
508,2025,764.1338582677165,158796,154,1197,0.10559791811434832
509,990,764.5776031434185,159027,26,205,0.10554221789845201
510,990,765.0196078431372,159251,29,195,0.10548707190896407
511,900,765.2837573385518,159482,30,201,0.10543247463123961
512,905,765.556640625,159707,28,197,0.10537842060550535
513,1090,766.1890838206627,159978,22,249,0.10532490442631368
514,1155,766.9455252918287,160241,19,244,0.10527192074200206
515,875,767.1553398058253,160482,28,213,0.10521946425415793
516,2325,770.1744186046511,162136,189,1465,0.10516752971708879
517,955,770.531914893617,162363,23,204,0.10511611193729764
518,890,770.7625482625483,162610,26,221,0.10506520577296366
519,970,771.1464354527939,162841,28,203,0.105014806133428
520,1055,771.6923076923077,163079,27,211,0.1049649079786847
521,910,771.957773512476,163303,25,199,0.10491550631887671
522,950,772.2988505747127,163537,27,207,0.10486659621379688
523,965,772.6673040152964,163769,20,212,0.10481817277239391
524,950,773.0057251908397,164013,29,215,0.10477023115228337
525,1080,773.5904761904762,164238,21,204,0.10472276655926326
526,975,773.9733840304183,164481,21,222,0.10467577424683472
527,1060,774.516129032258,164732,21,230,0.10462924951572734
528,960,774.8674242424242,164967,23,212,0.10458318771342928
529,870,775.047258979206,165196,22,207,0.10453758423372189
530,1120,775.6981132075472,165498,34,268,0.1044924345162192
531,985,776.0922787193973,165742,23,221,0.10444773404591184
532,835,776.203007518797,165964,21,201,0.10440347835271553
533,915,776.4634146341464,166199,21,214,0.10435966301102408
534,1815,778.4082397003746,167530,122,1209,0.10431628363926679
535,1055,778.9252336448598,167763,25,208,0.10427333589947033
536,980,779.3003731343283,167983,15,205,0.10423081549682495
537,1000,779.7113594040968,168241,31,227,0.10418871817925496
538,2425,782.7695167286246,169519,107,1171,0.10414703973699348
539,995,783.1632653061224,169784,32,233,0.10410577600216159
540,880,783.3425925925926,170014,28,202,0.10406492284835141
541,765,783.3086876155268,170246,24,208,0.1040244761902135
542,670,783.09963099631,170539,35,258,0.10398443198304837
543,800,783.1307550644567,170804,33,232,0.1039447862224019
544,735,783.0422794117648,171154,39,311,0.10390553494366501
545,1015,783.4678899082569,171393,19,220,0.10386667422167711
546,1020,783.9010989010989,171687,32,262,0.10382820017033362
547,890,784.0950639853747,171944,24,233,0.10379010894219734
548,725,783.9872262773723,172240,23,273,0.1037523967281137
549,815,784.0437158469946,172486,26,220,0.1037150597568299
550,740,783.9636363636364,172767,28,253,0.10367809429461766
551,780,783.956442831216,173049,30,252,0.10364149664489998
552,985,784.320652173913,173290,26,215,0.10360526314788138
553,680,784.132007233273,173655,44,321,0.10356939018018196
554,725,784.0252707581227,173919,28,236,0.10353387415447507
555,665,783.8108108108108,174202,23,260,0.10349871151912853
556,905,784.0287769784172,174440,24,214,0.10346389875784949
557,805,784.0664272890484,174684,26,218,0.10342943238933285
558,920,784.3100358422939,174945,20,241,0.10339530896691299
559,720,784.1949910554562,175214,22,247,0.10336152507821926
560,825,784.2678571428571,175467,26,227,0.10332807734483464
561,695,784.1087344028521,175716,23,226,0.1032949624219579
562,590,783.7633451957296,175981,30,235,0.10326217699806918
563,805,783.8010657193606,176250,23,246,0.10322971779459876
564,860,783.936170212766,176508,35,223,0.10319758156559923
565,1535,785.2654867256637,177503,100,895,0.10316576509742093
566,955,785.565371024735,177722,17,202,0.1031342652083905
567,870,785.7142857142857,178025,27,276,0.10310307874849282
568,1135,786.3292253521126,178375,37,313,0.10307220259905589
569,950,786.6168717047452,178696,34,287,0.10304163367243904
570,1060,787.0964912280701,179028,47,285,0.10301136891172415
571,1185,787.7933450087565,179356,26,302,0.1029814052904099
572,1605,789.222027972028,179952,63,533,0.10295173981210923
573,995,789.5811518324607,180282,28,302,0.10292236951024954
574,1090,790.1045296167248,180611,32,297,0.10289329144777619
575,1090,790.6260869565217,180938,42,285,0.10286450271685871
576,1065,791.1024305555555,181258,36,284,0.1028360004386
577,1270,791.9324090121318,181612,32,322,0.1028077817627485
578,1050,792.378892733564,181931,30,289,0.1027798438674131
579,1110,792.9274611398964,182254,33,290,0.10275218395878098
580,1805,794.6724137931035,182991,89,648,0.10272479927083825
581,1015,795.0516351118761,183328,38,299,0.10269768706509325
582,1125,795.6185567010309,183657,26,303,0.10267084463030285
583,1065,796.0806174957119,183991,29,305,0.1026442692822012
584,985,796.4041095890411,184314,42,281,0.10261795836323133
585,915,796.6068376068376,184652,49,289,0.10259190924227943
586,1000,796.9539249146758,184983,33,298,0.10256611931441167
587,1005,797.3083475298126,185323,40,300,0.1025405860006138
588,1065,797.7636054421769,185645,33,289,0.10251530674753316
589,1115,798.30220713073,185978,40,293,0.10249027902722337
590,1070,798.7627118644068,186303,24,301,0.10246550033689154
591,1110,799.2893401015228,186642,29,310,0.10244096819864798
592,935,799.518581081081,186985,37,306,0.10241668015925845
593,2310,802.0657672849916,188062,118,959,0.10239263378989874
594,1155,802.6599326599327,188405,42,301,0.10236882668591188
595,1095,803.1512605042017,188725,26,294,0.10234525646656766
596,1165,803.7583892617449,189053,27,301,0.10232192077482447
597,1015,804.1122278056952,189392,35,304,0.10229881727709371
598,955,804.3645484949833,189726,38,296,0.10227594366300634
599,1125,804.8998330550918,190047,29,292,0.1022532976451819
600,1225,805.6,190366,0,319,0.1022532976451819
601,1165,806.198003327787,190698,34,298,0.10220867936237253
602,2520,809.0448504983389,191806,110,998,0.10218670263552214
603,1130,809.5771144278607,192120,27,287,0.10216494458075756
604,1090,810.0413907284768,192435,23,292,0.10214340302225519
605,1080,810.4876033057851,192756,35,286,0.10212207580584122
606,1170,811.0808580858086,193089,33,300,0.10210096079877623
607,1180,811.6886326194399,193439,35,315,0.10208005588954192
608,2575,814.5888157894736,194551,101,1011,0.10205935898762995
609,2405,817.200328407225,195645,95,999,0.1020388680233329
610,1095,817.655737704918,195989,34,310,0.10201858094753723
611,2290,820.0654664484451,197097,105,1003,0.10199849573151847
612,975,820.3186274509804,197426,39,290,0.10197861036673829
613,1000,820.6117455138663,197754,32,296,0.10195892286464361
614,1130,821.1156351791531,198098,39,305,0.10193943125646786
615,1070,821.520325203252,198426,29,299,0.10192013359303394
616,1140,822.0373376623377,198760,34,300,0.10190102794455945
617,1070,822.4392220421394,199074,34,280,0.1018821124004636
618,1020,822.7588996763754,199389,30,285,0.10186338506917623
619,1075,823.1663974151858,199713,29,295,0.10184484407794862
620,965,823.3951612903226,200054,46,295,0.10182648757266617
621,930,823.5668276972625,200389,38,297,0.10180831371766307
622,1105,824.0192926045016,200698,28,281,0.10179032069553866
623,995,824.2937399678973,201031,31,302,0.10177250670697574
624,980,824.5432692307693,201367,42,294,0.10175486997056062
625,1155,825.072,201724,37,320,0.10173740872260495
626,1165,825.6150159744409,202059,28,307,0.10172012121696938
627,1045,825.9649122807018,202392,28,305,0.10170300572488895
628,2415,828.4952229299363,204243,179,1672,0.10168606053480019
629,1115,828.9507154213037,204584,34,307,0.10166928395216995
630,1040,829.2857142857143,204895,35,276,0.10165267429932602
631,1100,829.7147385103011,205222,33,294,0.10163622991528926
632,1180,830.2689873417721,205548,29,297,0.10161994915560754
633,1210,830.86887835703,205896,35,313,0.10160383039219134
634,1145,831.3643533123028,206255,40,319,0.1015878720131509
635,1015,831.6535433070866,206568,34,279,0.10157207242263501
636,1040,831.9811320754717,206902,36,298,0.10155643004067144
637,1020,832.276295133438,207224,38,284,0.10154094330300897
638,980,832.5078369905956,207552,40,288,0.10152561066096093
639,1000,832.7699530516431,207893,36,305,0.10151043058125032
640,1165,833.2890625,208239,30,316,0.10149540154585654
641,2365,835.6786271450858,209319,114,966,0.10148052205186352
642,1235,836.3006230529595,209665,18,328,0.10146579061130946
643,1040,836.6174183514775,210017,39,313,0.10145120575103803
644,1010,836.8866459627329,210333,28,288,0.10143676601255103
645,1120,837.3255813953489,210698,39,326,0.1014224699518626
646,1060,837.6702786377709,211030,38,294,0.10140831613935476
647,1175,838.1916537867079,211366,29,307,0.10139430315963445
648,1080,838.5648148148148,211690,35,289,0.10138042961139203
649,1105,838.9753466872111,212021,34,297,0.1013666941072611
650,1155,839.4615384615385,212356,29,306,0.10135309527367982
651,1155,839.9462365591398,212689,22,311,0.10133963175075349
652,1115,840.3680981595093,213031,38,304,0.1013263021921186
653,1125,840.8039816232772,213360,35,294,0.10131310526480818
654,985,841.0244648318043,213686,32,294,0.10130003964911849
655,1245,841.6412213740458,214050,35,329,0.1012871040384771
656,1010,841.8978658536586,214383,40,293,0.10127429713931213
657,1055,842.2222222222222,214717,43,291,0.10126161767092301
658,1195,842.758358662614,215063,24,322,0.10124906436535235
659,1025,843.0349013657057,215387,33,291,0.1012366359672591
660,1090,843.4090909090909,215713,38,288,0.10122433123379311
661,1090,843.7821482602118,216042,31,298,0.10121214893447078
662,1090,844.1540785498489,216370,32,296,0.10120008785105203
663,1105,844.5475113122172,216700,37,293,0.10118814677741846
664,2180,846.558734939759,217778,113,965,0.10117632451945276
665,1220,847.1203007518797,218107,26,303,0.10116461989491927
666,1125,847.5375375375376,218441,25,309,0.10115303173334579
667,1150,847.9910044977511,218773,32,300,0.10114155887590652
668,1000,848.2185628742515,219084,31,280,0.10113020017530613
669,1145,848.6621823617339,219414,31,299,0.10111895449566512
670,1020,848.9179104477612,219744,30,300,0.10110782071240614
671,1405,849.7466467958271,220136,31,361,0.10109679771214158
672,1030,850.014880952381,220470,31,303,0.10108588439256225
673,1195,850.5274888558693,220833,30,333,0.10107507966232707
674,1095,850.8902077151336,221172,36,303,0.10106438244095402
675,1170,851.3629629629629,221508,33,303,0.10105379165871206
676,1100,851.7307692307693,221846,29,309,0.10104330625651414
677,985,851.9276218611521,222165,30,289,0.10103292518581129
678,1245,852.5073746312685,222516,34,317,0.10102264740848779
679,1105,852.879234167894,222841,29,296,0.10101247189675736
680,980,853.0661764705883,223191,40,310,0.10100239763306033
681,1045,853.3480176211453,223505,27,287,0.10099242360996194
682,1095,853.7023460410558,223834,32,297,0.10098254883005156
683,1020,853.9458272327964,224162,34,294,0.10097277230584299
684,2470,856.3084795321637,225243,107,974,0.10096309305967564
685,885,856.3503649635037,225576,44,289,0.10095351012361685
686,1095,856.698250728863,225899,32,291,0.10094402253936502
687,1170,857.1542940320232,226268,50,319,0.1009346293581538
688,945,857.2819767441861,226598,41,289,0.10092532964065726
689,1085,857.6124818577649,226937,33,306,0.1009161224568959
690,1165,858.0579710144928,227282,41,304,0.10090700688614367
691,1600,859.1316931982634,227871,52,537,0.10089798201683589
692,905,859.1979768786127,228205,41,293,0.10088904694647811
693,1135,859.5959595959596,228562,40,317,0.10088020078155586
694,1010,859.8126801152738,228892,28,302,0.10087144263744527
695,1075,860.1223021582733,229219,36,291,0.10086277163832462
696,985,860.301724137931,229548,39,290,0.1008541869170868
697,2225,862.2596843615495,230635,125,962,0.10084568761525249
698,2705,864.8997134670487,231761,123,1003,0.10083727288288447
699,1140,865.2932761087268,232088,25,302,0.10082894187850244
700,1225,865.8071428571428,232407,0,319,0.10082894187850244
701,1060,866.0841654778887,232758,32,319,0.10081252772955651
702,1085,866.3960113960114,233068,27,283,0.10080444294356401
703,1205,866.877667140825,233422,36,318,0.10079643860253625
704,1040,867.1235795454545,233738,34,282,0.10078851390603243
705,1170,867.5531914893617,234075,30,307,0.1007806680615763
706,1190,868.0099150141643,234408,30,303,0.1007729002845769
707,1180,868.4512022630835,234765,41,316,0.10076520979825006
708,1090,868.7641242937854,235094,43,286,0.1007575958335407
709,1040,869.0056417489421,235423,35,294,0.10075005762904603
710,1230,869.5140845070423,235782,32,327,0.10074259443093932
711,1030,869.7398030942335,236109,38,289,0.10073520549289453
712,2530,872.0716292134831,237191,105,977,0.10072789007601171
713,1130,872.4333800841515,237512,30,291,0.10072064744874305
714,1050,872.6820728291317,237828,36,280,0.10071347688681982
715,945,872.7832167832167,238068,24,216,0.10070637767317984
716,1055,873.0377094972067,238295,20,207,0.10069934909789582
717,890,873.0613668061367,238513,21,197,0.1006923904581044
718,1040,873.2938718662953,238767,22,232,0.10068550105793576
719,1990,874.8470097357441,239672,98,807,0.10067868020844419
720,1735,876.0416666666666,240909,108,1129,0.10067192722753902
721,2055,877.6768377253815,242152,111,1132,0.10066524143991654
722,945,877.7700831024931,242378,19,207,0.10065862217699244
723,855,877.7385892116182,242625,40,207,0.10065206877683487
724,1490,878.5842541436464,243068,50,393,0.10064558058409839
725,1410,879.3172413793103,243680,67,545,0.1006391569499583
726,1120,879.6487603305785,243902,16,206,0.10063279723204584
727,915,879.697386519945,244172,29,241,0.10062650079438391
728,1915,881.1195054945055,245428,136,1120,0.10062026700732352
729,935,881.1934156378601,245652,24,200,0.10061409524748074
730,895,881.2123287671233,245892,29,211,0.10060798489767446
731,975,881.3406292749657,246136,29,215,0.10060193534686461
732,950,881.4344262295082,246358,25,197,0.10059594599009106
733,1735,882.5989085948158,247237,81,798,0.10059001622841313
734,875,882.5885558583107,247457,20,200,0.10058414546884974
735,1080,882.8571428571429,247709,28,224,0.10057833312432
736,960,882.9619565217391,247965,27,229,0.10057257861358466
737,995,883.1139755766621,248191,22,204,0.10056688136118783
738,940,883.1910569105692,248420,21,208,0.1005612407973995
739,1110,883.4979702300406,248659,24,215,0.10055565635815863
740,940,883.5743243243244,248877,19,199,0.10055012748501663
741,915,883.6167341430499,249101,20,204,0.10054465362508155
742,820,883.5309973045822,249328,20,207,0.10053923423096288
743,2205,885.3095558546433,250606,125,1153,0.10053386876071665
744,975,885.4301075268817,250847,20,221,0.1005285566777914
745,1845,886.7181208053692,251778,98,833,0.10052329745097438
746,835,886.6487935656836,252008,22,208,0.10051809055433855
747,1105,886.9410977242303,252259,24,227,0.1005129354671899
748,960,887.0387700534759,252481,20,202,0.10050783167401542
749,1865,888.3444592790387,253788,147,1160,0.10050277866443152
750,2040,889.88,254990,114,1088,0.10049777593313305
751,920,889.9201065246339,255213,23,200,0.10049282297984272
752,1030,890.1063829787234,255440,21,206,0.10048791930926106
753,945,890.1792828685259,255673,30,203,0.10048306443101691
754,110,889.1445623342175,255916,23,220,0.10047825785961843
755,210,888.2450331125827,256148,17,215,0.10047349911440447
756,375,887.5661375661375,256431,22,261,0.10046878771949652
757,150,886.5918097754293,256649,13,205,0.10046412320375117
758,-245,885.0989445910291,256885,25,211,0.10045950510071298
759,50,883.9986824769434,257127,33,209,0.10045493294856779
760,70,882.9276315789474,257381,29,225,0.10045040629009655
761,470,882.3850197109067,258385,79,925,0.10044592467262968
762,275,881.5879265091863,258630,22,223,0.10044148764800166
763,120,880.5897771952817,258860,27,203,0.10043709477250636
764,880,880.5890052356021,259100,24,216,0.10043274560685254
765,210,879.7124183006536,259321,21,200,0.10042843971612005
766,210,878.8381201044386,260313,100,892,0.10042417666971619
767,1295,879.380704041721,261376,134,929,0.10041995604133279
768,235,878.5416666666666,261618,23,219,0.10041577740890349
769,360,877.8673602080625,261847,21,208,0.10041164035456156
770,290,877.1038961038961,262099,21,231,0.10040754446459813
771,1060,877.3411154345007,263144,110,935,0.10040348932942077
772,725,877.1437823834196,263377,16,217,0.1003994745435126
773,-240,875.6985769728332,263617,22,218,0.10039549970539166
774,1195,876.1111111111111,264671,105,949,0.10039156441757087
775,325,875.4,264915,32,212,0.10038766828651813
776,-295,873.8917525773196,265157,26,216,0.1003838109226171
777,-250,872.4453024453024,265406,26,223,0.10037999194012817
778,180,871.5552699228792,265653,28,219,0.10037621095714992
779,310,870.8344030808729,265891,28,210,0.1003724675955809
780,130,869.8846153846154,266149,25,233,0.10036876148108181
781,60,868.8476312419974,266380,13,218,0.10036509224303815
782,-250,867.4168797953964,266630,25,225,0.10036145951452302
783,-305,865.919540229885,266891,29,232,0.10035786293226058
784,910,865.9757653061224,267111,27,193,0.10035430213658958
785,-80,864.7707006369427,267330,22,197,0.10035077677142748
786,205,863.9312977099237,267563,23,210,0.10034728648423485
787,-10,862.8208386277001,267795,11,221,0.10034383092598005
788,230,862.0177664974619,268032,22,215,0.10034040975110436
789,385,861.4131812420786,268274,29,213,0.10033702261748748
790,190,860.5632911392405,268518,22,222,0.10033366918641319
791,885,860.5941845764854,268730,22,190,0.10033034912253559
792,-75,859.4128787878788,268960,15,215,0.10032706209384555
793,235,858.625472887768,269198,21,217,0.10032380777163744
794,310,857.9345088161209,269452,25,229,0.10032058583047633
795,285,857.2138364779875,269690,23,215,0.10031739594816544
796,1265,857.7261306532663,270725,98,937,0.10031423780571384
797,230,856.9385194479297,270981,32,224,0.1003111110873047
798,-130,855.7017543859649,271231,26,224,0.10030801548026354
799,95,854.7496871088861,271474,31,212,0.1003049506750271
800,170,853.89375,271692,0,218,0.1003049506750271
801,1120,854.2259675405743,272726,108,926,0.10029891224708555
802,-365,852.7057356608478,272970,29,215,0.10029593802053265
803,1150,853.0759651307596,274023,89,964,0.1002929933880284
804,895,853.1281094527363,275042,81,938,0.10029007805510712
805,535,852.7329192546584,275276,20,214,0.1002871917302331
806,-5,851.6687344913151,275526,32,218,0.1002843341247714
807,410,851.1214374225526,276063,41,496,0.10028150495295915
808,220,850.3403465346535,276294,22,209,0.10027870393187677
809,280,849.6353522867738,276537,26,217,0.10027593078141983
810,355,849.0246913580247,276772,27,208,0.10027318522427099
811,305,848.3538840937115,277008,18,218,0.10027046698587222
812,85,847.4137931034483,277259,32,219,0.10026777579439743
813,130,846.5313653136532,277503,28,216,0.10026511138072522
814,-20,845.4668304668305,277730,38,189,0.10026247347841202
815,-140,844.2576687116565,277950,16,204,0.10025986182366539
816,675,844.0502450980392,278200,32,218,0.10025727615531767
817,105,843.1456548347613,278438,19,219,0.1002547162147999
818,745,843.0256723716382,278674,28,208,0.10025218174611585
819,-185,841.7704517704518,278941,36,231,0.10024967249581657
820,350,841.170731707317,279180,25,214,0.10024718821297493
821,685,840.9805115712546,279856,80,596,0.10024472864916059
822,1585,841.8856447688564,280884,100,928,0.1002422935584151
823,145,841.0388821385176,281124,29,211,0.10023988269722736
824,-95,839.9029126213592,281364,24,216,0.10023749582450925
825,170,839.0909090909091,281615,33,218,0.1002351327015715
826,-180,837.8571428571429,281842,21,206,0.10023279309209986
827,-75,836.7533252720677,282102,29,231,0.10023047676213143
828,270,836.0688405797101,282344,23,219,0.10022818348003126
829,-25,835.0301568154403,282594,20,230,0.10022591301646926
830,445,834.5602409638554,282810,24,192,0.10022366514439716
